title,category,content
Introduction to Stock Market,stocks,The stock market allows investors to buy and sell company shares and earn profit based on price movement.
Stock Market for Beginners,stocks,This article explains stock basics including shares trading profits risks and how markets work.
Stock Market News Today,stocks,Indian stock market gained today due to positive global market sentiment and strong economy factors.
How to Start Investing in Stocks,stocks,Learn step by step how to open demat account invest safely and understand stock movement.
Basics of Mutual Funds,mutualfunds,Mutual funds collect money from investors and invest in diversified assets reducing individual risk.
Types of Mutual Funds Explained,mutualfunds,There are different mutual funds including equity funds debt funds hybrid funds and index funds.
Should You Invest in Mutual Funds,mutualfunds,Mutual funds are best for long term investments stable returns and safer than direct stocks for new investors.
Understanding Cryptocurrency,crypto,Cryptocurrency is digital currency based on blockchain technology and includes Bitcoin and Ethereum.
Crypto Market News,crypto,Cryptocurrency market saw major price movement today with Bitcoin rising and altcoins showing volatility.
Is Cryptocurrency Safe to Invest,crypto,Many beginners are investing in cryptocurrency but it involves high risk and requires proper knowledge.
Banking and Savings Accounts,banking,Savings accounts are used for storing money securely while earning interest from banks.
Fixed Deposits vs Savings Account,banking,Fixed deposits provide higher interest compared to savings accounts but money is locked for a period.
How Banking System Works,banking,Banks play a key role in economy by handling deposits loans payments and secure money transactions.
